{"cameraMode":{"drawMode":0,"name":"Shaded","section":"Shading Mode"},"sceneLighting":false,"audioPlay":false,"sceneViewState":{"showFog":true,"showMaterialUpdate":false,"showSkybox":true,"showFlares":true,"showImageEffects":true,"showParticleSystems":true},"in2DMode":false,"pivot":{"x":0.568115234375,"y":0.724609375,"z":-4.2493896484375},"rotation":{"x":0.30944690108299258,"y":-0.42915892601013186,"z":0.1593356877565384,"w":0.8334731459617615},"size":14.82960319519043,"orthographic":true}