{"cameraMode":{"drawMode":0,"name":"Shaded","section":"Shading Mode"},"sceneLighting":false,"audioPlay":false,"sceneViewState":{"showFog":true,"showMaterialUpdate":false,"showSkybox":true,"showFlares":true,"showImageEffects":true,"showParticleSystems":true},"in2DMode":false,"pivot":{"x":12.681536674499512,"y":0.3789379596710205,"z":0.5868129730224609},"rotation":{"x":0.028758028522133828,"y":0.2841816842556,"z":-0.008528487756848336,"w":0.9583011865615845},"size":22.299999237060548,"orthographic":false}